direct_object,unique_verbs
50,['pick up']
ANITHING,['MOVING']
ANOTHER SIDE,['PACK' 'PUT']
ANOTHER SIDE OF TABLE,['PICK UP' 'PUT' 'MOVE']
THE ANOTHER SIDE OF TABLE,['PICK UP' 'PUT ON' 'PICK' 'PUT']
THE ANOTHER SIDE OF THE BOWLS,['PICK UP' 'PUT ON']
ANOTHER SIDE OF THE TABLE,['PICK UP' 'PUT' 'PICK' 'UP' 'KEEP' 'MOVE' 'PUT ON']
THE ANOTHER SIDE OF THE TABLE,['PICK UP' 'PUT ON' 'PICK' 'PUT' 'UP' 'ON']
ANOTHER SIDE OF THE TOWEL,['PICK UP' 'PUT']
THE ANOTHER SIDE OFTABLE,['PICK' 'UP' 'PUT' 'ON']
ANOTHING,['MOVING']
ANY,['NOT']
ANYTHING,['MOVING']
THE APPLE PEACE,['PICK' 'PUT']
Allen,['pick up']
Allen key set,['pick up']
THE BANANA,['PICK UP' 'PUT ON' 'PUT' 'PICK']
THE BLEANDER,['PICK UP' 'PUT ON']
THE BLENDER,['PICK' 'UP' 'PUT' 'PICK UP' 'PUT ON' 'MOVE' 'PLACE']
BLENDER,['MOVE']
BLUE,['PLACETHE' 'TOWARDS']
THE BLUE CLOTH,['PLACE']
BLUE TOWEL,['PICK UP' 'PUT ON']
THE BLUE TOWEL,['PICK UP' 'PUT' 'PUT NEAR' 'PUT ON' 'PICK' 'pick up' 'put on']
THE BLUE TOY,['PLACE']
BLUEBERRIES,['PLACE']
THE BOTTLE,['PICK' 'PUT' 'PACK']
THE BOWL,['PACK' 'PUT' 'PICK' 'PICK UP' 'PUT INTO']
THE BOWLS,['PICK UP' 'PUT ON']
THE BOWLSAND,['PICK UP' 'PUT ON']
THE BOX,['PICK UP' 'PUT' 'PUT ON' 'PICK']
BOX,['MOVE' 'PICK UP' 'PUT']
THE BRESH,['PICK' 'PUT' 'PICK UP']
THE BREZZELA,['PACK' 'PUT']
BROCOLLI,['PLACE']
THE BRUSH,['PICK UP' 'PUT' 'PLACE' 'PICK' 'KEEP' 'PUT ON']
Brinjal,['Move']
THE CAKE,['PICK UP' 'PUT']
THE CAPSICUM,['PICK UP' 'PUT ON' 'PLACE']
CAPSICUM,['PLACE' 'PICK UP' 'PLACE INTO']
THE CAULIFLOWER,['PICK UP' 'PUT']
CHERRY,['PICK UP' 'PUT']
CLOTH,['PLACETHE' 'TOWARDS']
CORN,['PLACE']
Carrot,['Pick up' 'place']
Cheese,['Move']
THE EGGPLANT,['PICK UP' 'PUT']
ENYTHING,['MOVEING']
THE FILTER,['PICK UP' 'PUT ON']
THE FISH,['PICK UP' 'PUT']
THE FORK,['PICK UP' 'PUT INTO' 'PUT ON' 'PUT' 'PICK' 'PUT NEAR']
THE FRUIT,['PICK UP' 'PUT ON' 'PUT' 'PICK']
Fork,['Move']
GAS STOVE,['PLACE']
THE GLASS,['PICK UP' 'PUT ON']
THE GRAPES,['PICK UP' 'PUT']
THE GREEN CLOTH,['PLACE']
THE GREEN TOWEL,"['PICK UP' 'PUT' 'PICK' 'UP' 'PUT ON' 'TAKEN' 'PUT NEAR' 'PLACE' 'KEEP'
 'MOVE']"
the Gray pot,['Picked up' 'moved']
Green Capsicum,['Place']
THE HOT DOG,['PLACE']
IT,['PICK' 'PUT' 'PICK UP' 'PLACE']
KERCHIEF,['MOVE']
THE KINIFE,['PICK UP' 'PUT ON']
THE KNIFE,['PLACE' 'PICK' 'UP' 'PICK UP' 'PUT']
KNIFE,['PLACE']
THE LADLE,['PLACE']
THE LEFT SIDE CORNER,['PLACE']
THE LEG PIECE,['PICK UP' 'PUT' 'PUT ON']
LITE GREEN TOWEL,['PICK UP' 'KEEP']
THE MASHROOM,['PLACE' 'PUT']
MINI FAN,['PICK' 'PUT']
MOMENT,['NOT']
THE MUG,['PICK UP' 'PUT ON']
THE MUSHROOM,['PLACE']
MUSHROOM,['PLACE']
NEAR SPOON,['was replaced']
NEAR TIN,['PLACE']
THE NIFE,['PICK UP' 'PUT']
ON THE VIESSEL,['PICK' 'PUT']
THE ORANGE CLOTH,['PLACE']
THE ORANGE TOWEL,['PICK UP' 'PUT' 'PUT ON' 'PICK' 'PUT NEAR' 'MOVE']
ORANGE TOWEL,['PICK UP' 'PUT ON']
THE OVEN,['PLACETHE' 'TOWARDS' 'PLACE']
OVEN,['PLACE']
Orange cloth,['Move' 'Place']
the Orange cloth,['Move']
Orange towel,['Push']
PAN,['PLACE']
THE PAN,['PLACE' 'PICK' 'PUT']
THE PANN,['PICK UP' 'PUT']
THE PIECE,['MOVED' 'REPLACED']
THE PLASTIC BOWL,['PICK UP' 'PUT INTO']
THE PLASTIC BOX,['PICK UP' 'PUT' 'PICK']
THE POLASTIC BOWL,['TAKEN' 'PUT']
THE POT,['PLACE']
THE POTATO,['PLACE']
THE PUMPKIN,['PLACE']
THE PURPLE CLOTH,['PLACE']
THE PURPLE TOWEL,['PICK UP' 'PUT' 'KEEP']
PURPLE TOWEL,['PICK UP' 'PUT']
Picture,['download' 'view']
the Pot,['Place']
the Purkoli,['take' 'keep']
THE RED VEGETABLE,['PLACE']
THE RIGHT END OF THE STOVE,['PLACE']
THE RIGHT SIDE OF THE STOVE,['PLACE']
Red Chili,['Place']
THE SAUSAGE,['PUT']
SAUSSAGE,['PLACE']
SCRAPPER,['PLACE']
THE SIDE OF THE TABLE,['PICK' 'PUT']
SPATULA,['PLACE']
THE SPATULA,['PLACE' 'MOVE']
THE SPOON,"['PICK UP' 'PUT NEAR' 'PICK' 'UP' 'PUT' 'PLACE' 'PUT ON' 'KEEP' 'MOVE'
 'PUT INTO' 'ANDPUT' 'REPLACED' 'ON']"
SPOON,['PICK' 'PUT' 'REPLACED' 'PICK UP']
THE STOVE,['PLACE']
the Spoon,['put']
Spoon,['placed']
THE TABLE,['PICK UP' 'PUT' 'PLACE' 'PACK' 'was' 'PICK' 'PUT ON' 'MOVED' 'replaced']
TH VISSEL,['PICK' 'PUT']
THE,['NOT']
THEANOTHER,['PICK' 'PUT']
THEBRUSH,['PICK' 'PUT']
THETWOEL,['PICK' 'PUT']
THEVESSEL,['PICK' 'PUT']
THING,['NOT']
TIN,['PLACE']
TIN CENTER,['PLACE']
THE TOWEL,['PICK UP' 'PUT ON' 'PICK' 'PUT' 'ANDPUT' 'UP' 'ON' 'KEEP']
TOWEL,['PICK' 'PUT']
TOWL,['REPLACED']
THE TOWL,['PUT' 'PLACE']
TWOEL,['PICK' 'PUT']
UP,['PICK' 'PUT']
THE VEISEEL,['PICK UP' 'PUT ON']
THE VERTICALLOY,['PLACE']
THE VESSAL,['PICK' 'KEEP' 'PUT']
THE VESSE,['PICK UP' 'PUT ON']
VESSEL,['PICK' 'PUT' 'MOVE' 'PICK UP' 'PLACE INTO' 'PUT NEAR']
THE VESSEL,"['PICK UP' 'PUT' 'PUT NEAR' 'PLACE' 'PUT ON' 'PICK' 'KEEP' 'MOVE' 'UP'
 'ON' 'pick up' 'put on']"
THE VESSES,['PICK UP' 'PUT ON']
THE VIEELS,['PICK' 'PUT']
VIEESSL,['PICK' 'PUT']
THE VIELELS,['PICK' 'PUT']
THE VIESSL,['PICK' 'PUT']
THE VIESSLE,['PACK' 'PUT']
THE VIOLET TOWEL,['PICK UP' 'PUT NEAR' 'PUT' 'PUT ON' 'PICK']
THE VIOLIET,['PICK UP' 'PUT NEAR']
THE VIOLIET TOWEL,['PICK UP' 'PUT INTO']
THE VISSEL,['PICK UP' 'PUT INTO' 'PUT ON' 'PUT']
THE VISSELS,['PICK UP' 'PUT ON']
VISSLES,['PICK' 'PUT']
VOILET CLOTH,['PLACE']
Video format,['show']
Video frames,['show']
WHITE TOWEL,['MOVE' 'PICK UP' 'PUT ON' 'PICK' 'KEEP']
THE WHITE TOWEL,['PICK UP' 'PUT NEAR' 'PUT' 'PICK' 'UP' 'KEEP' 'MOVE' 'PUT ON']
THE YELLOW BOX,['PICK UP' 'PUT ON']
THE YELLOW CAPSICUM,['PLACE']
THE YELLOW CLOTH,['PLACE']
YELLOW CLOTH,['PLACE']
THE YELLOW TOWEL,['PICK UP' 'PLACE' 'PUT ON' 'PUT' 'PICK' 'KEEP']
YELLOW TOWEL,['PLACE' 'PICK' 'PUT']
above the bowl,['Move']
above the strawberry,['Place']
all the items,['Move']
almonds,['pour']
and bottom,['Move']
animal,['move' 'Move']
another edge of the table,['Move']
the another side of the table,['pick up' 'put on']
anything,['moving' 'move']
appl,['pick' 'place']
apple,['put' 'Pick up' 'place' 'Place' 'Move' 'is']
the apple,['Pick up' 'place' 'Put' 'put' 'Place' 'Move' 'pick up']
the apple piece,['Take' 'place']
apple slice,['Pick up' 'place' 'hold']
arch,['move']
the area,['move' 'Move']
an avocado,['Move' 'Place']
avocado,['Move' 'Pick up' 'place' 'move']
the avocado,['Put' 'pick up' 'put' 'pick' 'Move' 'Place' 'move']
the back,['Move']
back center next to black towel,['Move']
the back edge,['Move']
the back edge of the table,['Place']
the back end,['Place']
the back left corner,['Move']
back left corner,['Move']
the back left table corner,['put' 'move']
the back left towel edge,['put']
the back object,['Place']
back of the table,['Move']
back right corner,['Move']
the back right corner of the table,['Place']
the back right table corner,['move']
the back wall,['Move']
bag,['unzip' 'zip']
the ball,['Put' 'pickup' 'place']
ball,['put' 'pick' 'move' 'place']
banan,['hold' 'place']
banana,"['Place' 'pick' 'put' 'Move' 'move' 'Put' 'Take' 'place' 'take' 'slide'
 'pick up' 'stop' 'reaching' 'Grab' 'remove' 'keep' 'hold' 'Pick' 'Remove'
 'putting']"
the banana,['Put' 'Pick up' 'place' 'Move' 'Place' 'Take' 'put']
banana plush,['Move' 'place']
the bare wood of the table,['Place' 'microwave']
basil,[nan 'topple']
basket,['put']
baster,['Place']
the baster,['Place' 'Move' 'place']
batter,['Spoon' 'smoothing']
the beef,['Move' 'Place']
beet,['put' 'take']
the beet,['put']
beetroot,['Place']
the beetroot,['place']
the bell pepper,['Pick' 'place' 'Put' 'Move']
bell pepper,['Place' 'Move' 'Pick up' 'place' 'grab' 'pick up']
bell peppers,['Pick up' 'put']
the below,['Move']
below cans,['Move' 'place']
below microwave,['Move' 'place']
the berries,['Move']
between hot dog and towel,['Move' 'place']
between pot and spoon,['Move' 'place']
the biscuit,['Put']
bit,['move']
bit holder,['pick up']
the bitter melon,['Place']
the black and white object,['Put' 'Take' 'place']
black and white object,['move' 'Move']
black and white thread,['Put' 'Move']
the black and white vegetable,['Move' 'Place']
black cloth,['Move' 'place' 'hold' 'Moves' 'Place' 'move']
the black cloth,['Move' 'move' 'put']
the black cutter,['remove']
black item,['Place']
the black item,['Put' 'Pickup' 'place']
black object,['place' 'Move' 'Place']
the black object,['Move' 'Pick up' 'place']
the black plate,['place']
the black roll,['hold' 'place']
black thread,['Put']
the black towel,['Move']
black towel,['Move']
the blackberry,['Move']
the bleu fork,['Move']
the block,['Place' 'move' 'Put']
block,['put' 'move']
blue,['move' 'Move' 'place']
the blue and brown vegetable,['Place']
the blue and red utensils,['Move']
the blue and red vegetable,['Place']
the blue block,['Put' 'Place' 'move' 'puts' 'Move' 'drop']
blue block,['put']
the blue bowl,['Move']
the blue box,['Place']
the blue brush,['Put' 'Place' 'Move' 'Pick up' 'place' 'put' 'move' 'slide' 'pick up']
blue brush,"['Move' 'pick' 'put' 'Put' 'Place' 'place' 'move' 'keep' 'moving'
 'pick up' 'Pick up']"
the blue cloth,"['Move' 'place' 'bring' 'move' 'slide' 'Put' 'Place' 'sits' 'put'
 'Pick up' 'push' 'laying' 'Moved' 'Slide' 'Set' 'Take' 'Moving' 'press'
 'make' 'Grab' 'Hold' 'close' 'Pick' 'hold']"
blue cloth,"['Put' 'Place' 'slide' 'Move' 'pick up' 'put' 'pick' 'place' 'hold' 'move'
 'drop' 'Pick up' 'moved' 'Remove' 'is' 'sits' 'keep' 'touches' 'pointing'
 'Pick' 'nearer' 'Adjust' 'is parallel']"
blue clothe,['move']
blue color cloth,['Move']
the blue color spatula,['Place']
blue colored spoon,['Move']
blue colour cloth,['Move']
the blue colour spatula,['Put']
the blue cube,['Place']
blue cube,['Move' 'Place' 'move']
the blue cup,['Place']
blue dice toy,['put']
the blue fabric in the table,['Take' 'place']
blue fork,"['Move' 'move' 'Place' 'moved' 'Put' 'Pick up' 'place' 'pick up' 'keep'
 'can' 'move back']"
the blue fork,"['Move' 'Pick up' 'place' 'pick up' 'put' 'move' 'Take' 'close' 'Put'
 'Place' 'Change' 'pointed' 'touch' 'placed' 'Bring' 'Slide' 'slide'
 'take' 'parallel']"
the blue fort,['Put']
blue fruit,['Place']
the blue fruit,['Place' 'Move']
the blue grapes,['Place' 'hold' 'place']
the blue grater,['move']
blue handle,['Move']
the blue handle,['slide' 'Move']
the blue handled fork,['Place']
the blue handled object,['move']
the blue handled spoon,['Put' 'slide' 'Place' 'Move']
blue handled spoon,['Put']
the blue handled utensil,['Place']
the blue ice scream scoop,['Move']
the blue item,['Put']
blue item,['move']
blue measuring spoon,['Move' 'Place']
the blue measuring spoon,['Place' 'Move']
blue napkin,['Move' 'Place' 'takes' 'Put' 'moved' 'slide']
the blue napkin,['slide' 'Move' 'Place']
the blue object,['Place' 'Put' 'move' 'Move']
blue object,['Place' 'Bring' 'Move' 'Put']
blue pen,['pick up' 'put']
the blue piece of cloth,['Place' 'Move']
blue rag,['Move' 'slide' 'Place' 'be' 'Put' 'touches']
the blue rag,"['Place' 'Move' 'touches' 'Bring' 'Put' 'slide' 'Slide' 'place' 'be'
 'laying']"
blue rectangle,['Put']
the blue rectangle,['Bring' 'Place' 'Move' 'Put']
blue scoop,['Put']
the blue scoop,['Put' 'Move']
blue scrubber,['Put']
the blue scrubber,['Move']
the blue spatula,['Put' 'Move' 'place' 'hold' 'Place']
blue spatula,['Move' 'hold' 'place' 'change']
blue spoon,"['Put' 'move' 'Move' 'place' 'hold' 'Place' 'Pick up' 'placed' 'Pick'
 'put' 'pick up' 'slide' 'keep']"
the blue spoon,"['Move' 'Place' 'Put' 'place' 'Pick up' 'pick up' 'Take' 'pick' 'put'
 'move' 'is sitting' 'is facing' 'put on' 'slide' 'forms' 'lies' 'hold'
 'keep' 'Relocate' 'placed' 'Puts' 'picked up' 'moved']"
the blue spoon handle,['Put']
the blue table,['pick' 'place']
the blue table cloth,['to pic' 'press']
the blue tall,['Move']
blue towel,"['Place' 'slide' 'Move' 'place' 'put' 'move' 'pick up' 'Push' 'Slide'
 'Pick up' 'drop']"
the blue towel,"['Move' 'Place' 'Put' 'slide' 'place' 'move' 'Black' 'pick' 'put' 'Push'
 'Pick' 'drop']"
the blue toy,['Put' 'pick' 'Place']
blue toy,['move' 'put']
blue utensil,['Move' 'Put' 'Place' 'move']
the blue utensil,['Move' 'Put' 'Place' 'Lift' 'move']
the blue vegetable,['Move' 'Place']
the blue-handled scoop,['Move']
the blueberries,['Pick up' 'put']
blueberries,['take' 'put' 'Move']
blueberry,['put']
blur cloth,['Place']
the board,['put' 'place']
board,['place' 'move']
the board front,['move']
book,['open' 'reads']
bottle,['slide' nan 'Place' 'Move' 'move' 'Put' 'topple' 'standing']
the bottle,['Move' 'Place' 'pick' 'store' 'Pick up' 'put' 'Take' 'place' 'Put' 'move']
the bottle gourd,['Take' 'place']
the bottom,['Moves']
bottom,['Move']
bottom left,['Move' 'place']
bottom left close to pot,['Move' 'place']
the bottom left corner,['Place']
the bottom left corner of the table,['Move']
the bottom left edge,['Move']
bottom left hand corner,['Place']
the bottom left of stove,['Move']
bottom left of table,['Move' 'place' 'drop']
bottom left of the table,['Move' 'place']
bottom middle,['Move' 'place']
bottom of orange cloth,['Move']
the bottom of the fork,['Put']
the bottom of the mushroom stalk,['Place']
the bottom of the table,['Move' 'slide']
the bottom part of the towel,['Put']
the bottom right,['Move']
bottom right corner,['Move']
bottom right corner of table,['Move']
bottom right corner of the counter,['Place']
the bottom right corner of the table,['Move' 'move']
bottom right of table,['Move' 'place']
bottom right of the table,['Pick up' 'place' 'Move' 'put']
the bottom right pot,['Move' 'drop']
the bottom right side of the table,['put']
the bottom right table,['Move']
the bottom-left corner,['Put']
the bottom-left corner of the counter,['Move']
the bowel,['move' 'Move']
bowl,"['pick up' 'put' 'take' 'Place' 'place' 'Move' 'move' 'Put' 'Pick up'
 'Pickup' 'Bring' 'slide' 'moved' 'Take' 'lift' 'Pick' 'drop' 'placed']"
the bowl,"['Move' 'Pick up' 'place' 'Put' 'pick up' 'put' 'move' 'Place' 'to' 'Take'
 'Picks' 'keeps' 'Pickup' 'pick' 'store' 'slide' 'picking up' 'placing'
 'Bring' 'fix' 'drop' 'Set' 'Pick' 'remove']"
a bowl,['Take' 'Place']
bowl bottom left,['Move']
bowl of water,['Move']
box cutter,['pick up' 'put']
the brad,['Move']
bread,['Put' 'Move' 'put' 'pick up' 'place' 'Place' 'move' 'on' 'in']
the bread,['move' 'put' 'Put' 'Move' 'Take' 'place' 'Place' 'Pick up' 'Pick']
bread loaf,['Put']
the bread loaf,['put' 'Move']
the bread piece,['Put']
the bread roll,['pick up' 'place']
bread roll,['Move']
the breadstick,['Put']
the bred,['Place']
the brick wall,['Move' 'close']
the brinjal,['Take' 'place']
brinjal,['move' 'take' 'place' 'Place' 'Move']
bristles,['Move' 'pointing']
broccoli,"['Move' 'Place' 'pick' 'place' 'pull out' 'put' 'Put' 'Pick up' 'move'
 'pick up' 'Lift' 'take' 'Moves' 'stand' 'pointed']"
the broccoli,['Put' 'Place' 'Set' 'Move' 'Pick up' 'place' 'put' 'Take' 'Pick']
the broccoli spear,['place']
brown,['Move']
brown and white food,['Move']
brown and white item,['Place']
the brown and white item,['Pick' 'place' 'Place']
brown drumstick,['pace']
the brown package,['pick up' 'place']
the brown vegetable,['Place']
brown vegetable,['Place']
brown1fbox,['close' 'open']
brownie,['Pick' 'place']
the brush,"['pick up' 'place' 'Put' 'Move' 'Pick up' 'Place' 'put' 'move' 'Moves'
 'Set']"
brush,['move' 'Move' 'Place' 'place' 'put' 'Put' 'is' 'pointing' 'Take' 'Pickup']
the bun,['Place']
bunch of grapes,['Move']
bunny,['move']
the bunny,['Put' 'Move']
butter,['pick up' 'put']
the butter,['move' 'Put']
cabinet,['open' 'close']
the cake,['put' 'Place' 'replace' 'Pick']
cake,['place' 'placed' 'Put' 'Place']
the can,"['Move' 'Put' 'move' 'slide' 'Bring' 'close' 'Pick up' 'place' 'Place'
 'Push' 'put' 'Slide' 'touches']"
can,['Place' 'Move' 'moved' 'move' 'put' 'slide' 'moving' 'place' 'Push' 'Put']
can of sauce,['slide' 'Put']
the can of sauce,['Pick up' 'move']
can of tomato sauce,['Move' 'pointed']
the can with the red label,['Place']
can with the yellow label,['Place']
the candle,['put']
canned foods,['put']
canned good,['slide' 'Move' 'touches']
the canned good,['slide' 'Move']
the canned goods,['Place' 'slide' 'Move']
canned goods,['Place' 'pick up' 'place' 'slide' 'be' 'Move' 'Take']
the canned tomatoes,['Place']
cans,['Put' 'Move' 'point' 'pointing' 'drop' 'Place' 'put' 'be']
the cans,['Move' 'Place' 'Pick up' 'put' 'near']
cap,['put']
capsicum,['Move' 'place' 'Place' 'Grab' 'Take' 'pick' 'move' 'Put' 'remove']
capsicum shape,['Move']
cardboard,[nan 'topple' 'upright']
cardboard fence,['put']
cardboardfence,['take' 'put']
carrot,"['Pick' 'place' 'Place' 'move' 'Put' 'pick' 'put' 'Move' 'reaching' 'Take'
 'Pick up' 'take' 'drop' 'pick up' 'laying' 'hold']"
the carrot,['Move' 'place' 'Take' 'Put' 'move' 'Pick up' 'Place' 'put' 'Pick' 'pick']
the cauliflower,['move' 'place' 'Place']
cauliflower,['Pick up' 'put']
center,['move' 'Move' 'stay' 'Pick up']
center of the table,['move' 'keep' 'Move']
centr side,['move']
cereal,['put']
the charcoal cloth,['Move']
the checkered can,['slide']
cheese,"['Place' 'Move' 'put' 'slide' 'Put' 'Take out' 'move' 'pick up' 'set'
 'rotate' 'take' 'remove' 'place' 'Moove']"
the cheese,"['adjust' 'move' 'Put' 'Place' 'Move' 'pick up' 'put' 'Take' 'Pick up'
 'place' 'Pickup']"
the cheese slice,['pick' 'put' 'Move' 'Take' 'place']
cheese slice,['Take' 'put']
the cheese stick,['hold' 'place']
cheese wedge,['Place']
the cheese wedge,['Place']
the cherry,['Take' 'place' 'Put']
the chick,['Place']
chick,['Move']
chick leg,['Place']
chicken,['Move' 'put' 'place' 'is' 'Put' 'Set' 'move' 'hold' 'Place' 'Pick']
the chicken,['Pick up' 'put' 'Move' 'Remove' 'place' 'Put' 'pick up' 'Place']
chicken drumstick,['Move' 'place']
the chicken drumstick,['Place' 'Put']
chicken leg,['Place' 'Pick up' 'move' 'place' 'Put' 'Move']
the chicken leg,['Move' 'Place' 'Put']
chicken leg piece,['Move']
the chicken leg piece,['Take' 'place']
chicken piece,['put']
the chicken piece,['Move' 'Put' 'place' 'Take']
chicken thigh,['Move']
the chicken thigh,['Move']
the chicken wing,['Move' 'Place' 'place' 'Bring']
chicken wing,['Place' 'Put' 'slide' 'move' 'Move']
chickenwing,['put']
chili,['Move']
the chili pepper,['Place' 'Put']
chocolate,['Put' 'Move' 'put' 'Place']
the chocolate,['Move']
the chocolate bar,['Put']
the clear container,['Put']
cloth,"['slide' 'fold' 'Remove' 'place' 'Place' 'move' 'is' 'Move' 'set' 'Moves'
 'Pick up' 'put' 'Twist' 'Put' 'pick' 'moved' 'touching' 'placed' 'remove'
 'keep' 'Take' 'take' 'tuck' 'pick up' 'Pick' 'turn' 'head']"
the cloth,"['Move' 'Place' 'Put' 'move' 'place' 'to' 'put' 'slide' 'Moved' 'Slide'
 'Push' 'Pick up' 'hang' 'Take' 'Pick' 'centered' 'push' 'Relocate' 'Puts']"
the cloth of the table,['Place']
cloth table,['Move']
clothes,['take' 'put']
coffee mug,['Pick' 'fix']
colander,['Move' 'Place']
the colander,['Move' 'Place' 'Put' 'put' 'place']
the con,['put']
cone,['Move']
container,['put' 'Place' 'pick' 'place' 'move']
the container,['Move' 'Place' 'move' 'Take' 'place' 'Put']
contents,['Move']
cookiebox,['put']
the cooking pot,['Put']
the cooking utensil,['Move']
cooking utensil,['Move']
cooktop,['move']
the corn,"['Put' 'Pick up' 'place' 'put' 'Move' 'Place' 'move' 'Take' 'drop'
 'Relocate' 'pick']"
corn,"['put' 'Move' 'Pick up' 'place' 'Place' 'take' 'move' 'Remove' 'Put'
 'drop' 'Pick' 'pointing']"
corn cob,['Move']
the corn cob,['Put']
corncob,['put' 'Put' 'laying' 'Place']
the corncob,['Place']
the corner,['slide' 'Put' 'Move' 'Pick' 'keep']
corner,['slide' 'Place' 'put' 'Put' 'Move' 'move']
the corner of the table,['slide']
corner of the table,['move']
the corner opposite the strawberry,['Move']
counter,['put' 'slide' 'Place']
the counter,['Move' 'Place']
counter handle,['Move']
the cover,['move']
the cow,['put']
crackerbox,['put']
the crackpot,['Move']
the cream bun,['Move' 'place']
the crescent,['Put' 'Place']
crescent roll,['Put']
the crock pot,['Pick up' 'place']
the croissant,['Place' 'Move' 'put' 'Put' 'place' 'Push' 'Pick up']
croissant,['move' 'Remove' 'place' 'Place' 'put' 'Move']
the croissant and the pot,['move']
crossaint,['put']
cube,['put' 'in' 'or']
the cube,['Move' 'Put' 'Place']
cucumber,"['Take' 'place' 'Put' 'drop' 'move' 'take' 'put' 'Move' 'Place' 'laying'
 'is']"
the cucumber,['Place' 'Put' 'Pick up' 'place' 'Move' 'Pick' 'pick' 'put']
cup,['pick up' 'put' 'flip' 'take']
the cup,['put' 'Place' 'Take' 'place']
cup and wall,['Pick up' 'place']
cupcake,['Move']
the cupcake,['Move' 'drop' 'pick up']
cut egg plant,['Move' 'place']
cutting board,['put' 'place' 'Moved' 'Move']
the cutting board,['Place']
the dark blue object,['Put']
the dark purple napkin,['Place']
the dark rectangle,['Pull']
detergent,['put']
diagonal,['Move' 'laying']
a diagonal,['Move']
diagonal angle,['Place']
diagonally,['Pick' 'move']
the dip of the spoon,['Move' 'nearer']
the dish towel,['Put' 'Move']
dish towel,['Put']
dish towels,['Move']
the dishcloth,['Move']
the dishtowel,['Move']
distractors,['flip']
doll,['Take' 'place' 'pick']
the donut,['Put']
dough,['Move']
down,"['Put' 'laying' 'Move' 'Place' 'positioned' 'opening' 'closing' 'moving'
 'press' 'slide']"
down to the left near the white toy,['Grab' 'move']
the drain cover,['Move']
drain cover,['Put']
drawer,['close' 'pick up' 'put' 'open' 'put into']
drum stick,['Move' 'place']
the drumstick,['Place' 'place' 'Remove' 'Move' 'Take' 'move']
drumstick,['put' 'Place' 'Move' 'place']
drying rack,['move' 'put']
dual suspension bar,['move']
edge,['Move' 'move' 'Place' 'place' 'slide' 'is' 'Put']
edge of table,['Move']
the edge of the counter,['Move']
the edge of the table,['Move' 'touches' 'Place' 'Moving']
effector,['reaching']
egg,"['put' 'Placing' 'Move' 'Place' 'take' 'carrying' 'keeping' 'Put' 'place'
 'Pick up']"
the egg,"['Place' 'Move' 'place' 'put' 'Take' 'Put' 'Pick up' 'Pick' 'leave'
 'slide' 'placed']"
the egg plant,['Move' 'Put' 'Take' 'place']
egg plant,['Move' 'place']
the egg shape,['Put']
egg shape,['Put']
the egg tray,['Place']
the eggplant,['Put' 'Pick up' 'place' 'Place' 'move' 'Move' 'put' 'slide']
eggplant,"['put' 'Remove' 'place' 'move' 'Pick up' 'Move' 'Put' 'Place' 'Pickup'
 'Take' 'moved']"
eggroll,['Put']
the eggs,['Move']
empty corner,['slide' 'Put']
the empty corner,['Move']
the empty corner of the table,['Put']
the empty corner of the table in front of the microwave,['Move']
the empty front corner of the table,['Place']
the empty side of the table,['slide']
empty space,['Move']
end,['reaching']
everything,['slide']
facing,['Move']
far edge,['Place']
the far edge of the table,['Place']
the far left bottom edge on a corner,['picking up' 'moving']
the far left edge,['Move']
the far left edge of the table,['Place']
far right,['Move' 'place']
the far right corner of the table,['Move']
the far side right,['pick' 'keep']
the fat carrot,['Move']
faucet,['turn' 'move']
fence,[nan 'topple' 'upright']
finger board,['Move' 'place']
fish,['Move' 'move' 'put' 'place' 'Place']
the fish,['move' 'Put' 'Move' 'Place' 'put' 'Pick up' 'place']
the fish piece,['Take' 'place']
flap,['close' 'open']
flaps,['open' 'close']
the flower,['pick up' 'place']
foam,['place' 'placed' 'move' 'moved']
the folded blue cloth,['Place']
folded cloth,['slide']
the folded cloth,['Place' 'slide']
the folded green cloth,['Move']
food,['put' 'Remove' 'place' 'Put' 'move' 'Move']
the food,['put' 'Bring' 'Put' 'Grab' 'replace' 'move' 'Push' 'moving']
the food and bowl,['Put']
the food in the pot,['Move']
the food item,['Move' 'Place' 'put' 'Put']
food item,['Move']
food items,['Place']
the fork,"['Put' 'Place' 'Move' 'place' 'put' 'Pick up' 'move' 'hold' 'Grab'
 'straighten' 'Take']"
fork,"['Move' 'pointed' 'Moves' 'Place' 'pointing' 'put' 'Turn' 'move' 'Put'
 'touches' 'moved' 'place' 'stop' 'Pick up' 'pick up']"
the fork and bread,['slide']
fork tangs,['put']
the fork's handle,['Place' 'touch']
form,['move']
the form,['puts']
the french fry,['Place' 'Put' 'Move']
fridge,['close' 'open']
the frog,['Place']
front,['move' 'Place' 'put']
the front,['Bring' 'touches' 'Move']
the front centre-left of the counter,['Move']
front corner,['Move']
the front corner,['Move']
the front edge,['Place']
front edge of table,['Move']
front edge of the table,['Move' 'slide']
the front edge of the table,['Move' 'Place' 'bring']
the front left corner,['Place' 'Move']
front left corner,['Place']
the front left corner of the table,['Place']
the front left edge,['Move' 'Place']
the front left edge of the table,['bring']
front left side of the table,['Move']
the front of the cloth,['Move']
the front of the counter,['Move']
the front of the oven,['Move']
the front of the red and white can,['Move']
the front of the shelf,['Slide']
the front of the table,['Move']
the front of the towel,['place']
front right corner,['Place']
the front right corner,['Place']
front right corner of the table,['Place']
the front right corner of the table,['Move']
the front right edge,['Place']
front right side of stove top,['Move']
the front right table corner,['put' 'move']
the fruit,['Move' 'pick up' 'put on' 'Picking' 'dropping' 'place']
fruit,['Move' 'pick' 'put' 'Pick' 'place' 'remove' 'is left']
fry,['put']
the fry,['Move' 'forms' 'lies']
frying pan,['Move' 'Place']
the frying pan,['Move']
garlic,['Place']
geren item,['Pick up' 'put']
glass cup,['pick up']
glass object,['Move']
glue,['pick up' 'put']
the gold fish,['Move']
the grape,['remove' 'place']
grape,['Move']
the grapes,['put' 'Place' 'Take' 'place' 'Move' 'Put']
grapes,['Place' 'move' 'Move' 'replace' 'remove' 'place' 'Set' 'Take' 'put' 'Put']
the grater,['Move' 'place' 'Place']
grater,['Place' 'Move' 'Pick up' 'place']
gray,['Move']
the gray ball,['picking up' 'moving']
gray cube,['Place']
the gray item,['Move']
gray object,['Place' 'Move']
green,['move']
green and gray spatula,['Pick up' 'move']
the green and yellow bottle,['Put']
the green and yellow food item,['Put']
the green and yellow item,['Move']
green and yellow object,['Place']
the green and yellow object,['move']
green and yellow vegetable,['Place']
the green and yellow vegetable,['Place']
green ball,['put' 'Move' 'Place' 'pick']
the green ball,['Put' 'move' 'place']
green banana,['move']
green bear,['move']
green bell pepper,['Move' 'put']
the green bell pepper,['Pick up' 'place' 'Put' 'put' 'Move' 'Place']
the green board,['move']
green broccoli,['Move']
the green broccoli,['Place' 'Move']
green cap,['Move']
the green capsicum,['Move']
the green cauliflower,['Move']
the green cheese grinder,['Pickup' 'place']
the green chilly,['place']
green cloth,"['move' 'Move' 'slide' 'Place' 'Take' 'place' 'hold' 'keep' 'Put'
 'hanging' 'touching' 'Pick up' 'Pickup' 'fits' 'Remove' 'put']"
the green cloth,"['Move' 'place' 'Put' 'slide' 'Place' 'Moves' 'move' 'Pick' 'put' 'Take'
 'Pickup' 'be' 'bring' 'facing' 'Pick up' 'hold' 'Slide' 'make']"
the green club,['scoot']
the green color vegetable,['Take' 'place']
the green colour cap,['Moving']
green corn,['Pick up' 'move']
the green cutting board,['Move']
the green dish cloth,['Put']
green doll,['pick' 'place']
the green egg,['hold' 'place']
green egg,['Place']
the green egg shape,['Put']
green foam,['place' 'placed']
green food,['Put']
the green fork,['Put']
green fork,['move']
the green fruit,['Move' 'facing']
the green grapes,['slide']
the green gratter,['move']
the green handled knife,['Put']
green handled spatula,['slide' 'touch' 'touching']
the green handled spatula,['Move' 'Place' 'Put']
the green handled utensil,['Put']
green item,['Move']
the green item,['Put' 'Remove' 'put']
the green knife,['Pick up' 'placed' 'Put' 'Move']
green lime,['Place']
the green lime,['Place']
green mango,['hold' 'place']
green mug,['pick up']
green napkin,['Place' 'Remove' 'place']
the green napkin,['Move' 'Remove' 'place' 'Place' 'puts']
green object,['Move' 'Place' 'Put']
the green object,"['Take' 'move' 'Put' 'Move' 'place' 'put' 'Place' 'Moving' 'picking up'
 'moving' 'Pick up' 'placed']"
the green pad,['Move']
green pear,['place' 'Move']
the green pear,['Place' 'Put' 'put' 'Move']
the green peeler,['Move' 'Place']
green peeler,['Place']
green peper,['move']
the green pepper,['Put' 'Move' 'Pick up' 'place' 'Place' 'Moving']
green pepper,['move' 'Place' 'Put' 'Move' 'put']
the green peppers,['Pick up' 'move']
green pickle,['Place']
the green pickle,['Place']
the green piece of cloth,['Move']
green piece of cloth,['Place']
the green plastic item,['Place']
the green rag,['Move' 'Put' 'slide' 'Slide' 'touches' 'put']
green rag,['Move' 'Place' 'slide' 'Put']
green rectangle,['Move']
the green rectangle,['Bring' 'Put' 'Push' 'moving']
a green round object,['grabbed' 'moved']
the green sausage,['Put' 'Move' 'Pick up' 'put']
green sausage,['Pick up' 'placed']
the green scoop,['Move' 'Relocate']
green spatula,['Place' 'move' 'Pick up' 'place' 'Move' 'pick up' 'Put' 'hold' 'above']
the green spatula,"['Move' 'Hold' 'place' 'Pick up' 'Take' 'put' 'Place' 'Put' 'move' 'hold'
 'remove' 'slide']"
the green spoon,['Put' 'Place' 'Move']
green spoon,['put' 'pick' 'drop' 'move' 'place']
green square,['Put']
green squash,['put']
the green squash,['Place']
green table cloth,['Move']
the green tomato,['Move' 'put']
the green tool,['Move' 'Moves']
green towel,['Move' 'place' 'Put' 'move' 'Pick up' 'Place' 'Putting']
the green towel,['Move' 'pick' 'put' 'Push' 'Place' 'pick up' 'put on' 'Pick up' 'slide']
green toy,['move' 'keep' 'pick' 'place' 'put']
the green utensil,['Move' 'Place' 'place' 'Pick up' 'Put']
the green vegetable,['Move' 'Place' 'Take' 'put' 'move' 'take' 'Pick up' 'place' 'Put']
green vegetable,['Place' 'pick' 'place' 'put' 'move']
the green washcloth,['Move' 'placing']
green zucchini,['Put']
the green-and-yellow item,['Place']
the green-handled spatula,['Pick up' 'place']
green/orange object,['remove' 'placed']
greencloth,['Move']
grey block,['Put' 'Moves']
the grey cube,['Put']
grey cube,['Move' 'Put']
the gripper,['Move']
the guava,['Pick' 'put']
h1orizontally,['Put']
the hairbrush,['pick up']
the half bun,['Put']
half of it,['Move' 'place']
the half pumpkin,['put']
the handle,['Place' 'laying' 'Move' 'is sitting' 'is facing' 'Put' 'rotate' 'faces']
handle,"['Place' 'handle' 'Put' 'hanging' 'Move' 'points' 'sits' 'point' 'move'
 'turn']"
the handle of the knife,['Place']
handled bowl,['Place']
the handled bowl,['Put']
head,['Place' 'touching']
the head of the mushroom,['Move' 'pointing']
hit,['is' 'loaded']
hot dog,['Put' 'pick' 'place' 'Pick' 'put']
the hot dog,['Place' 'Move' 'Put']
the hot dog bun,['Move' 'place']
hot dog bun,['Move' 'place']
hot sauce,['Place']
hot sauce bottle,['topple' 'upright']
the hotdog,['Put']
hotdog,['Put' 'pick' 'put' 'hold' 'place' 'Place']
the hotdog bun,['Move' 'place']
hunk of cheese,['Move']
the ice cream scoop,['put' 'Moving' 'Move' 'Place' 'Put' 'Pick up' 'place']
ice cream scooper,['Move' 'picked up' 'moved']
image,['is' 'loaded']
images,['loaded' 'appear' 'did not load']
in,['remove' 'keep' 'pick' 'place']
in between red and blue utensils,['Move' 'place']
in between the spoon and the sushi,['Place']
in front of the microwave,['Move' 'sits']
"in front of the silver pan, near the edge of the table",['Move' 'be']
in the corner,['Pick' 'put']
in the front edge,['Move' 'place']
in the middle of the counter between the bowl and red object,['Move' 'place']
in the middle of the right side of the counter,['Move' 'place']
inner edge,['Place']
inside of pot,['move']
into the pot,['Move']
it,"['Pick up' 'move' 'Pick' 'place' 'put' 'Move' 'pick up' 'sits' 'Take'
 'Grab' 'pick' 'rest' 'Hold' 'hold' 'Remove' 'Turn' 'keep' 'slide'
 'pull out' 'picking up' 'moving' 'set' 'take' 'Pickup' 'lay' 'drop'
 'placing' 'placed' 'replace' 'remove' 'pickup' 'Place' 'Check' 'select'
 'push' 'rotate' 'Take out' 'grabbed' 'moved' 'picked up' 'pace'
 'put it down' 'hang' 'be' 'turn' 'Picked up' 'grab' 'bring' 'touches'
 'put down' 'mix' 'grabbing' 'putting' 'is' 'make' 'Relocate' 'Bring'
 'Pull' 'touching' 'Picking' 'dropping' 'drag' 'pull']"
item,['Move' 'Place' 'Take' 'move' 'place' 'Moving' 'putting']
the item,['Put' 'Pick up' 'move']
its,['Place' 'standing']
its hand,['opening' 'closing' 'moving']
jalapeno,['Place']
the jar,['move']
jelly,['Move' 'put']
kadai,['Move' 'place' 'keep']
the kazoo,['Put']
the ketchup bottle,['Move']
ketchupbottle,['put']
key,['pick up']
the knfie,['Put']
knief,['move']
the knief,['move']
knife,"['put' 'move' 'Move' 'place' 'Pick' 'Place' 'pick' 'Put' 'Take'
 'microwave' 'Pick up' 'slide']"
the knife,"['Place' 'Put' 'place' 'Pick up' 'Move' 'move' 'placed' 'put' 'pick up'
 'pick' 'pace' 'take' 'fix' 'bring' 'rotate' 'Bring' 'touches' 'Pick'
 'Moves' 'drop' 'stop']"
the knife's blade,['rest']
knob,['twist' 'start']
the laddle,['Place']
ladle,['Move']
the ladle,['Move' 'Put' 'move' 'Place' 'Grab']
the ladle spoon,['Move']
large4fbox,['open' 'close']
the left,['Move']
left,['Pick up' 'move' 'place' 'Move' 'Place' 'remove' 'pick up']
the left bottom corner,['Move']
the left burner,['Move']
left center of counter,['Move']
the left center of the table,['slide']
left corner,['Pick' 'place']
the left corner,['Place']
the left corner of the table,['Take' 'place']
the left edge,['Move' 'Place']
the left edge of counter,['Move']
left edge of the table,['Move']
the left front corner of the table,['Place']
left of pot,['Move']
the left of the green vegetable,['Move']
the left orange vessel,['pick' 'put']
the left side,['Put']
left side,['move' 'Move']
left side of blue cloth,['Place']
left side of bowl,['pick up' 'place']
left side of counter,['Move']
the left side of mushroom,['hold' 'put']
left side of table,['Pick up' 'placed']
the left side of table,['pick up' 'put on']
the left side of the cloth,['Place']
the left side of the silver vessel,['Move']
the left side of the spoon,['Move']
left side of yellow cloth,['Move']
the left stove burner,['Move']
left upper corner,['move']
the leftcorner,['Mpve']
the leftmost corner,['Place']
leg piece,['Move' 'Put']
the leg piece,['Place' 'Move' 'place' 'remove']
lemon,['Put' 'put' 'Move']
the lemon,['Pick' 'put' 'Place' 'Put' 'Move']
lever,['to front' 'turn']
lid,['take' 'put']
a lie,['Move' 'forms' 'lies']
light blue cube,['Pick' 'move']
the light blue item,['Put']
light blue towel,['Move']
the light blue towel,['Move']
light green cloth,['Place']
light orange object,['Place']
light switch,['move']
the lime,['Move' 'put' 'Place' 'Put']
lime,['move' 'Place']
little,['move']
little bit,['move']
the loaf,['Move']
loaf,['Place']
the lobster,['Place']
the lobster tail,['Move']
lobster tail,['Place']
the long red item,['Put']
lower left corner,['put' 'move']
the lower left corner,['Put' 'Move']
lower left corner of table,['Move']
lower left corner of the table,['Move']
the lower middle of the table,['Move']
the lower middle of the yellow cloth,['Put']
the lower part of table,['Move']
lower part of table,['move']
the lower right corner,['Move' 'Put']
lower right corner,['move']
lower right corner handle,['Move']
lower right corner of the table,['Move']
mango,['pick' 'put' 'Pick' 'place']
mangoes,['Put']
the masher,['Move' 'Pick up' 'put']
meant,['Move']
the measuring cup,['Place' 'Move']
measuring cup,['Place']
the measuring spoon,['Move' 'Pick up' 'place']
meat,['move' 'Place' 'pick up' 'place' 'Move']
the meat,['Put' 'Place' 'Pick up' 'put' 'pick up' 'place']
metal,['topple']
metal bowl,['move' 'Place' 'Move' 'Pick up']
the metal bowl,['Pick up' 'place' 'Place' 'move' 'Put' 'Move' 'put']
metal cans,['Move']
the metal cup,['Move' 'place']
the metal pan,['pick' 'place' 'Place' 'Move' 'Put']
metal part,['Put']
the metal part of the fork,['Place']
the metal part of the ice cream scoop,['Place']
metal portion,['Place' 'sits']
the metal pot,['Place' 'Move' 'Put' 'place' 'move' 'pick up' 'Pick up']
metal pot,['Put' 'move' 'Move' 'Place']
the metal strainer,['Pick up' 'place']
the microwave,['Move' 'Place' 'put' 'pick up' 'move' 'place' 'Take']
microwave,"['Move' 'touch' 'Place' 'slide' 'place' 'open' 'drop' 'Put' 'Pick up'
 'pointed' 'move' 'close']"
microwave door,['Move' 'Place' 'pointed']
middle,['Move' 'move' 'keep']
middle edge of the table,['Put']
the middle front of the table,['Move']
middle of,['Move']
middle of blue cloth,['Move']
the mixing bowl,['Move']
the mixture,['Spoon' 'smooth']
mouse,['move' 'Place']
mushroom,"['Move' 'touch' 'place' 'Put' 'Pick up' 'move' 'pick up' 'hold' 'Take'
 'put' 'pointed' 'Place' 'point' 'pointing' 'pickup' 'Remove' 'drop'
 'stem' 'Pick' 'laying' 'slide' 'remove' 'is' 'stand up' 'lean left']"
the mushroom,"['Move' 'place' 'Pick up' 'put' 'Place' 'Put' 'Remove' 'pick up' 'drop'
 'move' 'remove' 'Pick' 'slide' 'Grab' 'hold']"
mushroom shape,['Put' 'Move']
the mushroom shape,['Place' 'Put']
the mushroom stem,['Move']
the mushrooms,['Pick up' 'Move']
na dpot,['Place']
the napkin,"['Place' 'Put' 'Pick up' 'put' 'Move' 'slide' 'move' 'place' 'Bring'
 'Push' 'push']"
napkin,"['Place' 'slide' 'Move' 'Put' 'Mpve' 'Pick up' 'place' 'is' 'move'
 'pick up']"
napkins,['move']
the near corner,['Put']
the near edge,['Bring']
the nife,['move']
nigiri,['Put']
the nigiri sushi,['Place']
object,"['Pick up' 'drop' 'move' 'Put' 'end' 'transition' 'place' 'placed'
 'remove' 'Moves' 'Move' 'put' 'Place' 'Play']"
the object,['Place' 'Pick up' 'put' 'place' 'Move' 'Check' 'move']
object in front of the yellow cloth,['Pick up' 'place']
the onion,['place' 'put' 'Place' 'Move']
onion,['Put' 'place']
the opposite corner,['Put']
opposite corner of the table,['slide']
the orange,"['Put' 'Take' 'put' 'Place' 'pick' 'Mpve' 'Pick up' 'place' 'move' 'Move'
 'bring']"
orange,"['Place' 'Move' 'put' 'placed' 'move' 'Put' 'place' 'pick' 'keep'
 'Pick up' 'slide' 'pick up']"
orange animal,['Pick up' 'place']
orange ball,['pick' 'keep']
the orange block,['Place']
the orange bottle,['Place' 'Pick up' 'place' 'Move' 'Take' 'move' 'Put']
orange bottle,['Place' 'move' 'Move']
the orange bowl,['Move' 'Place']
orange bowl,['move']
the orange brush,['Place']
orange brush,['Place' 'place' 'Move']
orange carrot,['Place' 'Put' 'Take' 'put']
the orange carrot,['Place' 'Move' 'Pick up' 'place']
orange cloth,"['Place' 'Move' 'move' 'slide' 'place' 'can' 'directly above' 'Put'
 'to be' 'hold' 'Pick' 'moved' 'positioned' 'Set' 'put' 'Push' 'remove'
 'stand' 'pointed' 'pick up' 'set']"
the orange cloth,['Move' 'move' 'Put' 'place' 'Place' 'put']
orange clothe,['drop' 'pick']
orange color,['place']
the orange color cloth,['Move']
orange colour fruit cutting board,['Put']
the orange coloured cloth,['Place']
orange container,['Place']
the orange container,['Put']
the orange cube,['Place']
the orange cup,['Place']
orange doll,['pick' 'place']
orange fabric,['Move']
the orange fish,['Put' 'Move']
orange fish,['Move']
orange fruit,['place' 'placed']
orange handled knife,['Place']
the orange hot dog,['pick' 'put']
orange item,['Move' 'Put']
the orange item,['Pick up' 'place' 'Put']
the orange jelly,['Move' 'place']
orange jelly,['Move']
the orange leg piece,['Move']
the orange measuring cup,['Move']
the orange meat,['Relocate' 'put']
the orange napkin,['Place' 'Move']
orange napkin,['Move']
orange object,['Place' 'Move' 'place' 'Put' 'Touch' 'placed']
the orange object,['Pick up' 'put' 'Put' 'place' 'Move']
the orange pan,['slide' 'Put' 'Move']
the orange pepper,['Place' 'Put']
orange pepper,['pick up' 'put']
the orange piece,['Take' 'place']
orange piece,['move' 'Place']
the orange plastic fish,['Pick up' 'place']
orange pot,['move' 'Place' 'flip' 'Move' 'slide']
the orange pot,['Place' 'Move' 'Set']
the orange rag,['Put' 'slide' 'Move' 'touch']
orange rag,['slide' 'Put' 'Place']
orange rectangle,['Put']
the orange rectangle,['Bring']
orange roll shape,['Put']
the orange rub,['Put']
the orange slice,['hold' 'place']
orange slice,['Place']
the orange spoon,['Move']
orange square,['Move']
orange table cloth,['Move']
the orange thing,['Move']
the orange tool,['Moves']
the orange towel,['Move' 'Place' 'Take' 'put' 'Pick up' 'move' 'drop']
orange towel,['Move' 'place' 'Place' 'drop' 'put' 'Pick up' 'slide']
the orange tower,['Move']
orange towl,['Move' 'place']
orange toy,['pick' 'place']
the orange tray,['Place']
orange vegetable,['Place']
the orange vegetable,['Place']
the orange wedge shape,['put']
the orange wing,['Place' 'place']
orange/green shaker,['Move']
ornage glass,['pick' 'place']
ot,['Remove' 'place']
the other side of the silver pan,['Put']
outer front edge of the table,['Place']
outer table edge,['Pick up' 'place']
the oval item,['Put']
oven,['close' 'open' 'place']
packed food can,['Move']
pad,['take' 'place']
pan,"['put' 'Placing' 'Move' 'move' 'Place' 'Put' 'place' 'reaching' 'take'
 'pick' 'fry' 'end' 'transition' 'remove' 'keep' 'in' 'or' 'carrying'
 'keeping' 'pick up' 'slide' 'hold' 'drop' 'Pick up' 'on']"
the pan,"['Move' 'Put' 'put' 'Place' 'push' 'move' 'place' 'scoot' 'Pick up' 'Set'
 'Take' 'slide' 'hold' 'Adjust' 'Moving' 'nearer' 'Bring']"
the pan handle,['Move']
paper,['cutting']
parallel,['move']
the pear,['Move' 'drop' 'Put' 'Place' 'move' 'pick' 'keep' 'place' 'put']
pear,"['put' 'slide' 'Move' 'Take' 'move' 'pick up' 'place' 'hold' 'Pick up'
 'on' 'in' 'Put']"
peeled potato,['put']
the peeler,['Move' 'place' 'put' 'move' 'keep']
peeler,['Move' 'Place']
peep,['Put']
pepper,"['Put' 'Take' 'set' 'place' 'is' 'put' 'lay' 'slide' 'Move' 'stop' 'drop'
 'move' 'Place']"
the pepper,['Put' 'Move' 'Take' 'move' 'Place' 'put' 'drop' 'centered']
the pepper jar,['Place']
the phallic looking item,['Move' 'Place']
photos,['load']
pickle,['move' 'Put' 'put' 'slide']
the pickle,['put' 'Move' 'Put' 'Place' 'move']
pictures,['working']
the piece,['place']
piece,['move']
piece of cake,['Pick up' 'put' 'Place']
the piece of cake,['Move']
the piece of cheese,['Put' 'Pick up' 'place']
the piece of cloth,['Move']
the piece of corn,['Place' 'play' 'Move']
the piece of sushi,['Move']
pineapple,['Pick' 'move' 'Place' 'Move' 'Put']
the pineapple,['Move' 'Place' 'Take' 'place']
the pink-handled spoon,['Place' 'Move']
the place,['Move']
place,['Move' 'place' 'pick up' 'stay']
the place of the capsicum,['Change']
the plastic bottle,['Take' 'place']
plastic green item,['Put']
plastic pot,['moved']
plastic tumbler,['Take' 'place']
the plastic vessel,['put' 'Place']
plate,['take' 'put' 'Move' 'pick up' 'wipe']
the plate,['Move']
plush animal,['Move']
the plush toy,['put']
the polymer cutter,['Move' 'place']
poor quality images,['are']
popcorn,['pick up' 'put' 'Move' 'Pick up' 'place']
pork,['Take' 'place']
the pot,"['Put' 'Move' 'move' 'Place' 'place' 'put' 'Pick' 'Pick up' 'Moves' 'Take'
 'keep' 'pick up' 'puts' 'Set' 'drop' 'Bring' 'touch' 'placed' 'slide'
 'Relocate' 'grabbed' 'moved' 'lift' 'Drag' 'Moved' 'stop' 'picking up'
 'placing' 'push' 'up' 'press' 'touching' 'be' 'rotate' 'faces' 'near']"
pot,"['move' 'take' 'put' 'Move' 'Put' 'Place' 'Take' 'place' 'Pick up' 'Pick'
 'moved' 'placed' 'pointing' 'slide' 'pick' 'pick up' 'reaching' 'pour'
 'fry' 'end' 'transition' 'touching' 'Remove' 'Lift' 'takes' 'drop' 'in'
 'or' 'wipe' 'hanging' 'topple' 'Slide' 'stop' 'pickup' 'flip' 'is' 'on'
 'touches' 'putting' 'remove' 'is left' 'move back' 'Moving' 'set'
 'standing']"
pot or pan,['put']
the pot with the bell pepper,['Move']
the pot with water,['Move']
the potato,"['Set' 'Take' 'put' 'pick up' 'place' 'Place' 'Pick up' 'Put' 'hold'
 'move' 'take' 'Move' 'Grab' 'pick']"
potato,"['put' 'Place' 'Put' 'Move' 'move' 'place' 'Grab' 'hold' 'pick up'
 'Remove' 'Pick up' 'stop']"
potato food,['moved']
the potato masher,['Pick up' 'put']
potatoe,['Place']
the potatoes,['Move']
pots,['Place']
poultry leg,['Pick up' 'place']
prawn,['Place' 'Put']
prongs,['Move' 'pointing']
prongs of fork,['put']
pumpkin,['Remove' 'place' 'move' 'put']
the puppy,['Put']
purple cloth,"['move' 'Move' 'Place' 'Put' 'select' 'push' 'place' 'slide' 'put' 'can'
 'laying' 'pick']"
the purple cloth,['Place' 'Take' 'place' 'Move' 'Put' 'Pickup' 'move' 'put' 'ove' 'pick up']
the purple colth,['move']
the purple dish cloth,['Put']
the purple eggplant,['Place' 'Move']
purple food,['Put']
purple grapes,['Move']
the purple grapes,['Put']
purple napkin,['Move']
the purple object,['Place' 'Move' 'Put']
the purple piece of cloth,['Move']
purple piece of cloth,['Place']
the purple rag,['slide' 'Move' 'Slide' 'Put' 'touches' 'handled' 'Place']
purple rag,['Put' 'Place' 'slide' 'Move' 'Pull' 'is' 'touch' 'touching']
the purple rectangle,['slide']
purple shape,['Place']
the purple shape,['Move']
the purple towel,['Move' 'Put' 'Place' 'Pick' 'off' 'Set' 'Pick up' 'place' 'slide']
purple towel,['Move' 'Place' 'place' 'Put' 'placed' 'Pick up' 'slide' 'move']
purple vegetable,['Place']
quince fruit,['hold' 'place']
the rabbit,['Put']
rag,['Put' 'Place' 'slide']
the rag,['slide' 'Move' 'Remove' 'place' 'Bring']
rainbow,['pick up']
rattle,['pick up' 'move' 'Move' 'Pick up']
rear center of the table,['Move']
the rear left corner of the counter,['Place']
the rear left of the table,['Move']
rectangle,['Push']
the rectangular orange cutting board,['Move']
red,['move' 'Put']
red and white meat,['Place']
the red and white meat,['Place']
the red and white mushroom,['Place' 'Put' 'pot']
the red and white object,['Place']
the red and white vegetable,['Place']
red and yellow object,['Move']
red apple slice,['Put']
red ball,['Pick up' 'move' 'Place' 'put' 'pick' 'place']
the red ball,['Move' 'Put']
red banana,['Place']
the red bell pepper,['Place' 'Move' 'Pick up' 'place']
red block,['Move' 'place']
the red bottle,['Move' 'Place']
red bottle,['put']
red bowl,['Pick up' 'place']
the red box,['move']
red can,['Put']
the red can,['Move' 'Put' 'Pick up' 'place']
red capsicum,['put']
the red capsicum,['Put' 'Pick up' 'put']
the red carrot,['Pick up' 'place']
red chili,['Place']
the red chili pepper,['Move']
the red cloth,['Move' 'Put']
red cloth,['Move' 'Place']
red color candy,['hold' 'place']
red color spoon,['pick' 'place']
red color tea pan,['hold' 'move']
the red control knobs,['Place']
red cup,['move' 'Place']
the red cup,['Pick up' 'put' 'Move' 'Put']
the red cylinder,['Pick up' 'place']
red donut,['Place']
the red egg,['Move']
the red eggplant,['Put']
the red food,['Put']
red fork,['Place' 'moved' 'move' 'Move' 'Pick' 'put' 'Pick up' 'bring' 'slide']
the red fork,"['Move' 'Place' 'Pick up' 'place' 'Put' 'slide' 'facing' 'put' 'picked up'
 'moved' 'Take']"
red fruit,['Pick up' 'place']
the red fruit,['pick up' 'place' 'Pick up' 'Move' 'put']
the red glass,['move']
red handle,['Move' 'hanging']
the red handle spoon,['Move']
the red handled fork,['Slide' 'touches' 'handled' 'Place' 'Put']
the red handled spoon,['Put' 'move']
the red handled utensil,['Place']
red item,['Move' 'Pickup' 'place']
the red item,['Pick up' 'place' 'Put' 'move' 'Move' 'Place']
the red jelly,['Move' 'place']
the red knife,['Place' 'Move']
red ladle,['Place']
the red measuring cup,['Move']
red meat,['Place']
the red napkin,['Move']
the red object,"['Remove' 'place' 'Pick up' 'put' 'Put' 'Place' 'Move' 'move' 'picked up'
 'moved' 'put down']"
red object,['put' 'moved' 'Move' 'place' 'is' 'pick up' 'Take' 'Place']
the red pan,['Pick up' 'place' 'Move' 'pick up' 'slide']
the red pen,['Place']
the red pepper,['Move' 'Put' 'put' 'Pick up' 'place' 'move' 'Place']
red pepper,['move' 'Place' 'Take' 'place' 'Move' 'Put' 'Remove']
the red plastic half egg,['Move']
red pot,['Move' 'Place' 'place']
the red pot,['Move' 'pick' 'put' 'Place' 'move' 'place']
red potato,['Place' 'Move']
the red rectangle,['Pull']
the red sauce,['Move']
red sauce,['Place']
the red scooper,['Place']
the red slice,['move']
the red spatula,['Move' 'Place' 'hold' 'place' 'remove' 'keep' 'move']
red spatula,['Move' 'touches']
a red spoon,['Take' 'Place']
red spoon,"['move' 'Place' 'Move' 'Pick up' 'place' 'pick' 'put' 'Put' 'can'
 'touching' 'hold' 'slide']"
the red spoon,"['Place' 'Pick up' 'place' 'Move' 'move' 'Put' 'Slide' 'touches' 'Take'
 'rotate' 'be' 'slide' 'hold' 'put']"
red spoon little bit,['move' 'place']
the red spork,['Move']
the red strawberry,['Put' 'Move' 'Place']
red strawberry,['Move' 'Put']
the red strawberry shape,['Put']
the red thing,['puts']
red thing,['Put']
red tomato,['move']
the red tomato,['Place' 'hold' 'put' 'Put']
red towel,['move' 'Pick' 'put aside' 'Move']
the red towel,['place' 'move']
red toy,['put' 'move']
the red tube,['Put']
the red tumbler,['Move']
red utensil,['move' 'Move' 'Place' 'turn']
the red utensil,['Move' 'Place']
red vegetable,['move']
the red vegetable,['Place' 'Move' 'move']
the red yam,['Place']
red-handled fork,['Move' 'Pick up' 'place']
red-handled scoop,['Move']
red/yellow object,['place' 'is']
redcube,['put']
redpepper,['put']
rest,['Place']
the right,['Move']
right,['Move' 'Pick up' 'move' 'pick up' 'set' 'place']
the right burner,['Place']
the right center edge of the table,['Place']
right corner,['Pick' 'place']
the right corner of the napkin,['Move' 'close']
the right corner of the table,['move' 'keep']
right edge of counter,['Put']
right front corner,['Place']
the right lower corner,['Put']
right of blue brush,['Move']
the right of bowl,['Move']
right of cloth,['Place']
right of orange cloth,['Move']
the right of the pot,['Place' 'Move']
the right side,['Put']
the right side near,['move' 'press']
the right side of mushroom,['hold' 'put']
right side of table,['Move']
the right side of the mushroom,['Move']
right side of the napkin,['put']
right side of the pan,['Move']
the right side of the pot,['Put']
right side of towel,['pick up' 'place']
right upper corner,['Move' 'place']
ring,['Place']
the roll,['hold' 'place']
the roller,['Take' 'place']
salmon,['pick up' 'place' 'Pick up' 'put' 'move' 'Place' 'reaching']
salt,['flip' 'put' 'Place']
the salt,['Put' 'put']
the salt bottle,['Place']
the salt can,['Move']
the salt cellar,['Pick up' 'put']
the salt container,['Place']
the salt shaker,['Pick up' 'put' 'Put']
salt shaker,['Place']
saltcontainer,['put']
saltshaker,['Place']
same place,['pick' 'place']
the sapodila,['hold' 'place']
sauce bottle,['Placing']
sauce pan,['Put' 'Move']
the sauce pan,['Move' 'Put']
sauce pot,['Move' 'Place']
saucepan,['Move' 'Pickup' 'put' 'Place' 'place']
the saucepan,['Place' 'move' 'Pick up' 'place' 'Move']
saucepot,['Move']
sausage,['put' 'Pick up' 'place' 'Move']
the sausage,['Move' 'Put' 'Pick' 'place' 'Pick up']
the sause pan,['move']
scissors,['pick up' 'put into']
the scoop,['move' 'Move' 'Put' 'Place' 'put' 'place']
scoop,['Move' 'move' 'Pick up']
screwdriver,['pick']
the scrub,['Move']
scrub brush,['Place']
the scrub brush,['Place' 'Move' 'Put']
scrubber,['Put' 'Move']
the scrubber,['Place' 'Move' 'Put']
semispherical orange and white item,['Put']
shaker,['Put']
the shaker,['Put' 'Pick up' 'place' 'Move']
shelf,['Move']
the shovel,['Move']
showing,['is']
the shrimp,['Place']
the side of the blue rectangle,['Put']
the side of the pot,['Put']
silver,['Place' 'Move']
the silver bot,['Move']
the silver bowl,"['Place' 'Pick up' 'move' 'Move' 'Put' 'picking up' 'moving' 'place'
 'Grab' 'grabbing' 'putting' 'pick up' 'close' 'moved' 'set' 'grabbed']"
silver bowl,['Move' 'Put' 'Place' 'put' 'move' 'slide' 'place' 'is']
silver container,['Move' 'place']
the silver dish,['Bring']
silver half,['Pick up' 'place']
silver pan,['Move' 'Place' 'put' 'slide' 'Put' 'Set']
the silver pan,"['Place' 'Put' 'Move' 'slide' 'put' 'Slide' 'touches' 'handled' 'rotate'
 'picked up' 'moved' 'Pick up' 'place']"
the silver pot,"['Place' 'Move' 'Pick up' 'place' 'Put' 'touches' 'slide' 'move' 'Pick'
 'off' 'Take' 'put' 'Remove' 'Bring']"
silver pot,"['Place' 'Move' 'touch' 'Put' 'Pick up' 'place' 'slide' 'Remove' 'move'
 'be' 'pick up' 'remove']"
silver strainer,['Put']
the silver vessel,['Take' 'place' 'Move' 'Place']
silver vessel,['Take' 'place' 'Move' 'move']
the silverware,['Move']
sink,['put' 'flip']
the skillet,['Place']
slice,['place' 'placed']
the slice,['Move' 'Take' 'place']
the slice of apple,['Move']
slightly,['Move' 'place']
the sliver pot,['Move']
the small bottle,['Pick up' 'put']
the small cube,['Place']
small4fbox,['pick up' 'put' 'open' 'close']
smallpear,['put' 'fry']
smalltomato,['put' 'in' 'or']
the soap,['Place' 'Move' 'keep']
space,['Move' 'Place' 'touching' 'sits']
space above pot,['Move']
space below wok,['Move']
space between cans,['Move']
the space between the metal bowl and the microwave,['Place']
spactula,['Move' 'put']
the spatual,['Place']
spatual,['move']
spatula,"['Put' 'Placing' 'put' 'Remove' 'place' 'take' 'Place' 'slide' 'Move'
 'Pick' 'move' 'touching' 'putting' 'keep' 'hold' 'Take' 'Pick up' 'Bring'
 'touches' 'put down' 'pick']"
the spatula,"['Place' 'Move' 'place' 'Put' 'put' 'hold' 'move' 'keep' 'Take' 'Hold'
 'Pick up' 'take' 'put it down' 'remove' 'mix' 'Turn' 'Pickup']"
sponge,['pick up' 'wipe']
the sponge,['Move' 'Place']
the spoon,"['Place' 'Move' 'sits' 'Pick up' 'place' 'pick' 'Put' 'put' 'replace'
 'Take' 'move' 'turn' 'to' 'pick up' 'Pick' 'reorient' 'laying' 'hold'
 'Set' 'rotate' 'set' 'drop' 'Pickup' 'can' 'put on' 'Grab' 'touching'
 'keep' 'Bring']"
spoon,"['Move' 'put' 'Place' 'rest' 'move' 'set' 'Put' 'Pick up' 'slide' 'place'
 'Take' 'drop' 'Twist' 'is' 'Remove' 'pointing' 'Pick' 'handle' 'rotate'
 'hanging' 'touching' 'positioned' 'Set' 'pick up' 'stop' 'take' 'pick'
 'hold' 'points' 'moved' 'sits' 'Play' 'touches' 'puts' 'pointed' 'placed'
 'Pickup' 'point' 'turn' 'head' 'Bring' 'laying' 'push']"
the spoon edge,['move']
spoon handle,['Pick' 'place']
spoon table,['Move']
the spoon with yellow handle,['Grab' 'Move' 'Place' 'place']
spotted animal,['move']
the square,['Put']
square,['Place']
squash,['Place' 'Move' 'Take' 'put' 'Put']
the squash,['Take' 'put' 'Put']
the stainless steel pan,['pick' 'put']
stainless steel pan,['Take' 'put']
the stainless steel pot,['pick' 'put' 'Take']
stainless steel pot,['Take' 'put' 'place' 'pick']
the steak knife,['Put']
the steel bowl,['Move' 'Place']
steel bowl,['pick up' 'put']
steel kadai,['moving']
steel pan,['Move' 'Hold' 'place' 'Place' 'hold']
the steel pan,['Move' 'hold' 'place' 'Place' 'Hold']
the steel pot,['hold' 'place' 'Move' 'Place']
steel pot,['Move']
the stem,['Move' 'place']
stem,['move' 'pointed' 'Put' 'stand']
stick,['Move']
stirring spoon,['Move']
the stirring spoon,['Move']
stock pot,['Move']
stockpot,['Place']
the stove,['Place' 'Put']
stove,['put' 'Move' 'move' 'Pick' 'fix' 'Place' 'on' 'in' 'turn' 'head' 'place']
stove burner,['Move']
stove knobs,['slide' 'Move' 'touches']
stove top,['Place']
stovetop,['Move' 'Put' 'Take' 'place']
strawberry,"['put' 'Move' 'place' 'Place' 'Put' 'pick' 'touch' 'Take' 'take' 'slide'
 'Pick up' 'move' 'hold' 'Set' 'pick up']"
the strawberry,['Pick up' 'put' 'Put' 'Move' 'Place' 'move' 'place']
stuffed animal,['Place' 'move' 'Move' 'pick up' 'place' 'remove']
the stuffed animal,['Put' 'Place' 'Move']
stuffed dog,['Put']
stuffed mushroom,['Move']
the stuffed toy,['Place']
stuffedcheeta,['put']
stuffedduck,['put']
stuffedelephant,['put']
stuffedhippo,['reaching']
stuffedlion,['put']
stuffedpig,['put']
stuffedrabbit,['reaching']
the sub roll,['Put']
the surface,['Spoon' 'smooth']
the sushi,['Put' 'Place' 'slide' 'Move' 'Pick up' 'put' 'place' 'Take' 'move']
sushi,"['take' 'put' 'Place' 'Move' 'Put' 'move' 'place' 'Take' 'touches' 'slide'
 'Pick up' 'Moves']"
sushi role,['Move']
the sushi roll,['Put' 'Move' 'put' 'Place']
sushi roll,['Move' 'Pick up' 'place' 'Put' 'Place' 'standing' 'put']
the sushi roll shape,['Put']
sushi rool,['Move']
sweet potato,['put']
the sweet potato,['Put' 'Move' 'place']
sweetpotato,['put']
table,"['Move' 'Place' 'pointing' 'moved' 'move' 'place' 'Put' 'clean' 'Moved'
 'put' 'Take' 'Pickup' 'slide' 'sits' 'Pick up' 'Bring' 'positioned'
 'fits' 'Play']"
the table,"['Place' 'Move' 'take' 'put' 'Pick up' 'move' 'Pick' 'Mpve' 'place' 'Put'
 'pick']"
table behind the spoon,['moving']
table cloth,['Move']
the table cloth,['Move' 'pick']
table corner,['Place']
table edge,['Place']
table handle,['Move']
table spoon,['Move']
table's bottom edge,['Put']
the table's bottom edge,['Move']
table's edge,['Move' 'lift' 'move' 'pick up' 'place' 'Pick up']
the table's left lower corner,['Put']
table's lower left corner,['Move']
tea pan,['Move' 'Hold' 'place']
the tea pan,['hold' 'place']
the teal brush,['Move']
the teal utensil,['Move']
the,['pick' 'place' 'put']
them,['Pick up' 'put' 'Take']
there,['Grab' 'Move' 'Place']
this spoon,['Pick up' 'place']
the tiffin box,['hold' 'place' 'Move' 'move' 'Hold']
tiffin box,['Move' 'place' 'hold' 'move']
the tin,['move' 'bring']
tin,['Place']
the tin box,['Move' 'move']
the tin can,['place' 'Move']
the tin cans,['Place']
tin cans,['Place' 'Move']
to the left,['Pick up' 'place' 'move']
to the left of the cloth,['Move' 'Put']
to the left side of the table,['Move']
to the right,['Lift' 'move']
to the right below cans,['Move' 'place']
to the right of pot,['Move' 'place']
to the right of the blue cloth,['Place']
to the right of the pot,['Put']
to the right of the silver pot,['Set']
to the right of the spoon,['put']
to the right side of the pot,['Move' 'place']
tomato,['Move' 'put' 'Place' 'Put' 'place' 'move' 'Pick up' 'Remove']
the tomato,"['Place' 'take' 'keep' 'move' 'Put' 'Pick up' 'place' 'grab' 'put' 'Move'
 'picklup']"
tomato sauce,['Pick up' 'place']
the tomato sauce,['Move' 'place']
top,['Spoon' 'smoothing' 'slide' 'move' 'Move']
the top,['Move' 'move']
top edge,['Place']
the top left,['Grab' 'Move']
top left,['Move' 'place']
the top left corner of the stovetop,['Place']
the top left corner of the table,['Move']
the top left of the stove top,['Move']
top left of the table,['Move' 'place']
top left under microwave,['Move' 'place']
top middle of table,['Move']
the top middle of the stove,['Put']
top of knife,['slide']
top of table,['Move']
the top of the fork,['Put']
the top of the hot sauce,['Put']
the top of the spoon,['Put']
the top part,['Put']
the top point of the banana,['Move']
top right corner,['Move']
the top right corner of the table,['Move']
torch,['Place']
towards the right,['Pick up' 'move']
the towel,"['Move' 'Pick up' 'put' 'Place' 'move' 'pick up' 'Put' 'slide' 'push'
 'drop' 'place' 'touch' 'stay' 'remove' 'stop' 'Push' 'touching' 'Pick'
 'up' 'pace']"
towel,"['slide' 'Place' 'Move' 'move' 'place' 'Put' 'pick up' 'take' 'Remove'
 'put' 'Pick' 'drop' 'shove' 'Pick up' 'Slide' 'moved' 'Take' 'keep']"
towel and broccoli,['Move' 'place']
the towels,['put']
the toy,['move' 'Place' 'Put' 'Grab' 'Move' 'put' 'remove' 'keep']
toy,['pick' 'Move' 'move' 'Place' 'keep']
the toy bear,['put']
toy hammer,['place' 'is left']
tray,['put']
turkey leg,['Put']
turquoise scrub brush,['Place']
the two cans,['Move' 'place']
two cans,['Move' 'drop' 'place']
the under left of microwave,['Move' 'place']
the under the knife on the right side,['Move']
under the microwave,['put']
up,['Move' 'pointed' 'Place' 'positioned']
up and down,['Move' 'pointed']
upper cooktop,['move']
the upper left corner,['Move']
upper left corner,['move' 'Move']
upper left corner of table,['Move']
upper left corner of the table,['Move']
the upper left corner of the table,['Move']
upper left hand corner,['Move']
the upper metal bowl,['move']
upper middle of table,['move']
the upper portion of the stove burner on the right,['Place']
upper right,['move']
upper right corner,['move']
upper right corner of counter,['Move']
upper right corner of table,['Move' 'remove' 'place']
the upper right corner of the table,['Move']
upper right edge,['slide']
the upper right hand corner,['Put']
the utensil,['Move' 'place' 'Put' 'Take' 'Lift' 'move']
utensil,['Place' 'Move' 'place' 'put' 'Pick up']
utensils,['move' 'Moved']
the vegetable,"['Place' 'Put' 'Take' 'place' 'take' 'Move' 'Pick' 'put' 'remove' 'move'
 'keep']"
vegetable,['Place' 'Move' 'move' 'put' 'Put']
the vegetable pieces,['Move']
vegetables,['Take' 'place']
vertical,['twist' 'start']
vessal,['pick' 'put']
vessel,"['Pick' 'place' 'move' 'pick' 'keep' 'Place' 'Move' 'put' 'Put' 'Take'
 'pull' 'take']"
the vessel,"['Place' 'Move' 'put' 'place' 'pick' 'take' 'Pick up' 'bring' 'Take'
 'move' 'Bring']"
the vessel with handle,['Move' 'place']
video frame,['showing']
video frames,['show' 'showing']
violet,['pick up' 'move']
the violet cloth,['Move' 'Place' 'Bring' 'place' 'move']
violet cloth,['Place' 'move']
the violet towel,['pick up' 'put' 'picklup']
violet toy,['Put']
the violet toy,['Move']
wall,['Move' 'put']
the wall,['Move' 'is sitting' 'is facing' 'slide' 'touches' 'Slide']
the washcloth,['Remove' 'place']
the wedge of cheese,['Move']
the wedge of food,['Place']
where it is,['Put']
white,['Move' 'move']
the white and black object,['move' 'put']
the white and black vegetable,['Place']
the white and brown item,['Move' 'Take' 'place']
the white and brown vegetable,['Place']
white and red food,['Place']
the white and red object,['Grab' 'Move' 'Place']
the white and red vegetable,['Move']
the white and yellow vegetable,['Move']
white block,['Move']
the white box,['move']
white box,['Move']
white cheese,['Move']
white donut,['pick up']
the white donut,['Place']
the white egg,['Pick up' 'place']
the white food,['move']
white fruit,['pick up' 'place']
white item,['Pick up' 'place' 'Move']
the white item,['pick up' 'place' 'Pick up' 'Pick' 'Place' 'move' 'Move']
the white measuring spoon,['Place']
the white mushroom,['Put']
the white object,['place' 'Move' 'put' 'Place' 'Put' 'drop']
white object,['Put' 'Move' 'place' 'Pick up' 'put' 'pick up' 'Place']
white piece,['move']
the white round vegetable,['Move']
the white semicircle shape,['Put']
the white spool,['Place']
white toy,['move']
the white toys,['move']
white utensil,['Pick up' 'place' 'slide']
the white utensil,['Pick up' 'move' 'place']
white vegetable,['Place']
the white vegetable,['Place']
the white wedge,['Take' 'put']
white1fbox,['open' 'close']
the wing,['Put']
wok,['Move' 'Place' 'Put']
the wok,['Take' 'put' 'Move' 'Put' 'Place' 'slide' 'Pick up' 'place' 'move']
the wood color item,['Move' 'place']
the wood spoon,['Move']
the wooden brush,['Pick up' 'move']
wooden table,['Pick' 'put aside' 'pick up']
yellow,['move']
the yellow and green item,['Place']
the yellow and green object,['Move']
the yellow and green turtle,['Put']
the yellow and white knife,['move']
the yellow and white object,['Move' 'place']
yellow ball,['put' 'pick' 'keep' 'place' 'move']
the yellow banana,['Put' 'Place' 'Take' 'put' 'Move']
yellow banana,['move' 'Place']
yellow bell pepper,['Move']
the yellow bell pepper,['Put' 'Place' 'Pick up' 'place' 'Take']
the yellow block,['Place' 'Move']
yellow bottle,['Pick up' 'move' 'Move']
the yellow bottle,['Place' 'Move' 'Pick up' 'place']
yellow box,['move']
the yellow brush,['Place' 'Move' 'Pick up' 'place' 'Put' 'put' 'slide' 'move']
yellow brush,['Move' 'slide' 'Place' 'move' 'pick' 'put' 'place' 'Put']
the yellow can,['Move']
the yellow capcisum,['Hold' 'place']
the yellow capsicum,['Move' 'hold' 'place' 'pick' 'put' 'pick up' 'Take']
yellow cheese,['Move']
the yellow chicken,['Move']
the yellow cloth,"['Place' 'Move' 'Put' 'slide' 'put' 'Pick' 'Pick up' 'place' 'Picks'
 'keeps' 'pick up' 'pick' 'move' 'placed' 'Bring' 'Move straight down'
 'touch' 'moving' 'keep' 'drag']"
yellow cloth,"['Move' 'place' 'pointing' 'Put' 'moved' 'Place' 'put' 'move' 'hold'
 'slide' 'touching' 'Pick up' 'pick' 'remove' 'Bring' 'Slide' 'Set'
 'above' 'pick up' 'move back' 'keep']"
the yellow colth,['move']
the yellow cone,['Pick up' 'place']
the yellow container,['Move']
the yellow corn,['Place' 'put' 'Move']
yellow corn,['Pick up' 'move' 'Place']
the yellow corn cob,['Put']
the yellow cube,['Move' 'Place']
the yellow cup,['Move']
the yellow cutting board,['Place']
the yellow cylindrical object,['Grab' 'move']
the yellow dish towel,['Move']
the yellow fabric,['Place']
the yellow flower,['Pick up' 'place']
yellow foam,['move' 'moved']
the yellow food,['Move']
yellow food,['moving']
yellow food item,['Move']
the yellow food item,['Put']
the yellow fork,['move']
the yellow fruit,['Pick' 'put' 'place' 'Move' 'Place' 'picked up' 'moved' 'pick' 'pace']
the yellow handle knife,['Take' 'put']
the yellow ice cream scoop,['Move' 'Turn' 'laying']
yellow ice cream scoop,['Move' 'touches']
yellow item,['Pick' 'put' 'Move']
the yellow item,['Put' 'Bring' 'pick' 'put' 'Place']
yellow knife,['Move' 'pick up' 'move' 'Put' 'Place' 'Pick up' 'put' 'place' 'slide']
the yellow knife,"['Move' 'touches' 'Put' 'Pick up' 'place' 'Place' 'Balance' 'rotate' 'put'
 'Take']"
yellow label,['Move']
the yellow lemon,['Place']
yellow napkin,['slide' 'place' 'Move']
the yellow napkin,['Move' 'move' 'M9ve' 'Put' 'place' 'Puts' 'Place']
the yellow object,['Move' 'Place' 'Put' 'Pick up' 'move' 'place' 'Remove' 'put' 'Take']
yellow object,['Put' 'Place' 'Move' 'put']
the yellow pad,['Move']
yellow paper,['Place']
the yellow pepper,['Move' 'Take' 'place' 'Pick up' 'put' 'pick up' 'Place' 'move' 'Put']
yellow pepper,['Move' 'put' 'Place' 'Put' 'move']
yellow piece of cloth,['Place']
the yellow piece of cloth,['Move']
the yellow pot,['Move']
the yellow potato,['Place']
yellow potato,['move']
the yellow product,['Place']
the yellow rag,"['Move' 'slide' 'Put' 'Change' 'pointed' 'Place' 'touches' 'Slide'
 'Pick up' 'hold']"
yellow rag,['Put' 'Place' 'slide' 'Move']
yellow rectangle,['Move']
the yellow rectangle,['Bring' 'Move']
yellow rectangular cloth,['Place']
the yellow school,['Move']
yellow scoop,['Pick up' 'move' 'pick up']
yellow scrubber,['Put']
the yellow scrubber,['Move']
the yellow shaker,['Place']
the yellow sigma butter dish,['Place']
the yellow sponge,['Pick up' 'put' 'Put' 'Move' 'place']
the yellow spoon,"['Pick up' 'put' 'Move' 'Place' 'place' 'Bring' 'Put' 'slide' 'move'
 'Turn' 'be']"
yellow spoon,['Move' 'touch' 'Put' 'slide' 'keep']
the yellow square,['grabbed' 'moved' 'picked up' 'Move']
the yellow squash,['Put']
the yellow stick,['Place' 'Pick up' 'place']
the yellow table cloth,['Move']
yellow table cloth,['Move']
the yellow thing,['Place']
yellow towel,['Place' 'Move' 'move' 'Pick up' 'place' 'slide' 'drop' 'Put' 'push']
the yellow towel,"['Move' 'Place' 'place' 'pick' 'put' 'Pick' 'picking up' 'placing' 'pace'
 'is' 'Put' 'slide']"
yellow toy,['pick' 'place']
the yellow toy,['Take' 'place' 'Moves' 'Place']
the yellow tube,['Place']
the yellow tubular item,['Place']
yellow utensil,['Move']
the yellow utensil,['Pick up' 'move' 'Place']
the yellow utensils,['Put']
yellow vegetable,['Place' 'move']
a yellow vegetable,['Move' 'Place']
the yellow vegetable,['Move' 'Place' 'move']
yellow washcloth,['Place']
the yellow wing,['Move' 'put']
the yellow with green checked box,['move']
yellow-handled knife,['Move']
the yellow-handled knife,['Move']
yellowpepper,['put']
zipper,['unzip' 'zip']
